Sube un archivo CSV con columnas 'correo' y 'categoria',Predicciones,Reporte de Clasificación,timestamp
.gradio\flagged\Sube un archivo CSV con columnas correo y categoria\57e7c559a07078869f1c\test_correos.csv,"{""headers"": [""correo"", ""categor\u00eda real"", ""predicci\u00f3n"", ""correcto""], ""data"": [[""Te invito a la fiesta del s\u00e1bado"", ""Personal"", ""Personal"", true], [""Recordatorio de reuni\u00f3n con cliente"", ""Trabajo"", ""Trabajo"", true], [""\u00a1Compra ahora y recibe 50% de descuento!"", ""Publicidad"", ""Publicidad"", true], [""Has ganado un iPhone, haz clic aqu\u00ed"", ""Spam"", ""Publicidad"", false], [""\u00bfPodemos almorzar ma\u00f1ana?"", ""Personal"", ""Personal"", true], [""Factura pendiente de pago"", ""Trabajo"", ""Trabajo"", true], [""Oferta exclusiva solo por hoy"", ""Publicidad"", ""Publicidad"", true], [""Actualiza tu cuenta bancaria"", ""Spam"", ""Publicidad"", false], [""Informe semanal del proyecto"", ""Trabajo"", ""Trabajo"", true], [""Hola, \u00bfc\u00f3mo est\u00e1s?"", ""Personal"", ""Personal"", true]], ""metadata"": null}","              precision    recall  f1-score   support

    personal       1.00      1.00      1.00         3
  publicidad       0.50      1.00      0.67         2
        spam       0.00      0.00      0.00         2
     trabajo       1.00      1.00      1.00         3

    accuracy                           0.80        10
   macro avg       0.62      0.75      0.67        10
weighted avg       0.70      0.80      0.73        10
",2025-05-03 12:49:42.350627
